[
  {
    "username": "pork_jonathan",
    "password": "TimCheeseisevil",
    "balance": 1024.53,
    "remainingSpins": 0,
    "biggestBet": 200,
    "biggestWin": 1600,
    "registrationDate": "2025-03-15"
  },
  {
    "username": "xXjames12Xx",
    "password": "123james",
    "balance": 0,
    "remainingSpins": 10,
    "biggestBet": 0,
    "biggestWin": 0,
    "registrationDate": "2025-03-24"
  },
  {
    "username": "corndog045",
    "password": "ilovewodka12340",
    "balance": 0,
    "remainingSpins": 7,
    "biggestBet": 0.10,
    "biggestWin": 0.12,
    "registrationDate": "2025-03-29"
  },
  {
    "username": "candlesniffer032",
    "password": "bubbles1",
    "balance": 9.77,
    "remainingSpins": 0,
    "biggestBet": 1,
    "biggestWin": 0.15,
    "registrationDate": "2025-04-01"
  },
  {
    "username": "bubblessss",
    "password": "bigguy77",
    "balance": 0.55,
    "remainingSpins": 2,
    "biggestBet": 1.2,
    "biggestWin": 3.22,
    "registrationDate": "2025-04-05"
  },
  {
    "username": "hubert7",
    "password": "iamhubert66",
    "balance": 1.68,
    "remainingSpins": 0,
    "biggestBet": 0.10,
    "biggestWin": 0.80,
    "registrationDate": "2025-04-10"
  },
  {
    "username": "edvards99",
    "password": "hugoboss",
    "balance": 0.05,
    "remainingSpins": 0,
    "biggestBet": 1,
    "biggestWin": 0.15,
    "registrationDate": "2025-04-13"
  },
  {
    "username": "STIRNAMUSIC",
    "password": "jupiters",
    "balance": 80.95,
    "remainingSpins": 9,
    "biggestBet": 0.10,
    "biggestWin": 0.80,
    "registrationDate": "2025-05-21"
  },
  {
    "username": "adrianis",
    "password": "kubikrubik",
    "balance": 125,
    "remainingSpins": 10,
    "biggestBet": 0,
    "biggestWin": 0,
    "registrationDate": "2025-05-25"
  },
  {
    "username": "kolasdzerajs99",
    "password": "ilovecoke",
    "balance": 800.82,
    "remainingSpins": 0,
    "biggestBet": 160,
    "biggestWin": 200,
    "registrationDate": "2025-05-29"
  }
]